cells,execution_time_sec,peak_memory_mb,status
1000,,,running
1000,200.94149461388588,78.416015625,success
5000,,,running
5000,1096.1262231394649,252.51513671875,success
10000,,,running
10000,2595.920713633299,474.94921875,success
50000,,,running
50000,14620.026507742703,2307.369140625,success
100000,,,running
100000,9195.153849035501,,error
