cells,execution_time_sec,peak_memory_mb,status
1000,,,running
1000,95.89997518062592,1384.0234375,success
5000,,,running
5000,325.4335689917207,1445.16845703125,success
10000,,,running
10000,476.6336515918374,1445.38525390625,success
50000,,,running
50000,1885.729791842401,1447.21484375,success
100000,,,running
100000,1169.451972298324,,error
500000,,,running
500000,2636.7056106776,,error
