cells,execution_time_sec,peak_memory_mb,status
1000,,,running
1000,4.621517077088356,89.03221893310547,success
5000,,,running
5000,5.053940251935273,432.79981422424316,success
10000,,,running
10000,6.074821463786066,860.6720123291016,success
50000,,,running
50000,14.422812970355153,4289.076244354248,success
100000,,,running
100000,16.79861489497125,8570.102851867676,success
500000,,,running
500000,129.90454658400267,42851.913086891174,success
