cells,execution_time_sec,peak_memory_mb,status
1000,,,running
1000,538.4452664628625,253.75259590148926,success
5000,,,running
5000,918.708875104785,1865.7839002609253,success
10000,,,running
10000,1520.0170122236013,3327.8930444717407,success
50000,,,running
50000,3033.6347939893603,62426.087535858154,success
100000,,,running
100000,4277.873202510178,,error
500000,,,running
