cells,execution_time_sec,peak_memory_mb,status
1000,,,running
1000,31.25087771,419.8942308,success
5000,,,running
5000,89.39935521,2001.187795,success
10000,,,running
10000,375.3054838,3974.09907,success
50000,,,running
50000,1696.892546,20425.79381,success
100000,,,running
100000,3442.884606,37883.66189,success
500000,,,running
