cells,execution_time_sec,peak_memory_mb,status
1000,,,running
1000,110.76029190886766,2756.2958984375,success
5000,,,running
5000,522.946542955935,2756.2958984375,success
10000,,,running
10000,545.6074064411223,2756.2958984375,success
50000,,,running
50000,599.0285847233608,2756.2958984375,success
100000,,,running
100000,701.239366626367,2756.2958984375,success
500000,,,running
500000,95.76016803830862,,error
