cells,execution_time_sec,peak_memory_mb,status
1000,,,running
1000,88.63292772136629,92.67041015625,success
5000,,,running
5000,771.9789847917855,240.73388671875,success
10000,,,running
10000,945.6629178719595,421.6962890625,success
50000,,,running
50000,5289.030567393638,984.3603515625,success
100000,,,running
100000,10959.00072212331,997.8740234375,success
500000,,,running
500000,9043.820289897732,,error
