cells,execution_time_sec,peak_memory_mb,status
1000,,,running
1000,1173.3137637749314,667.2760639190674,success
5000,,,running
5000,1472.9157985448837,3284.740400314331,success
10000,,,running
10000,2181.6968552544713,6558.759593009949,success
50000,,,running
100000,,,running
