cells,execution_time_sec,peak_memory_mb,status
1000,,,running
1000,50.726331666111946,648.4501295089722,success
5000,,,running
5000,161.7162480428815,3133.5533294677734,success
10000,,,running
10000,313.8586416929029,6213.939635276794,success
50000,,,running
50000,1694.2863580631092,30873.84709262848,success
100000,,,running
100000,4793.435681913048,61678.022636413574,success
500000,,,running
500000,172.73008690401912,,error
