cells,execution_time_sec,peak_memory_mb,status
1000,,,running
1000,430.2851207787171,347.7635316848755,success
5000,,,running
5000,943.7782099377364,1730.2821044921875,success
10000,,,running
10000,1758.6904187705368,3457.006028175354,success
50000,,,running
50000,10565.594014849514,17275.47924232483,success
100000,,,running
100000,29506.399478196166,34546.571966171265,success
500000,,,running
500000,946.8191726189107,,error
