cells,execution_time_sec,peak_memory_mb,status
1000,,,running
1000,53.00979607,38.1875,success
5000,,,running
5000,244.058167,45.09375,success
10000,,,running
10000,532.3338187,68.12353516,success
50000,,,running
50000,528.950009,259.7739258,success
100000,,,running
100000,599.8566323,499.8671875,success
500000,,,running
500000,252.7217383,2416.492188,success
1000000,,,running
1000000,417.9409671,4811.470703,success
