cells,execution_time_sec,peak_memory_mb,status
1000,,,running
1000,5.182509113103151,132.52926540374756,success
5000,,,running
5000,7.446295637637377,649.9518766403198,success
10000,,,running
10000,11.319818947929889,1389.9052734375,success
50000,,,running
50000,36.39115546317771,6155.881387710571,success
100000,,,running
100000,66.422128402628,12303.620852470398,success
500000,,,running
500000,420.5880689630285,61519.29621887207,success
