cells,execution_time_sec,peak_memory_mb,status
1000,,,running
1000,33.92598171532154,150.80615234375,success
5000,,,running
5000,51.99478047341108,670.4951171875,success
10000,,,running
10000,241.4009023308754,1264.853515625,success
50000,,,running
50000,410.1957472637296,,error
