cells,execution_time_sec,peak_memory_mb,status
1000,,,running
1000,49.59259483311325,185.42822265625,success
5000,,,running
5000,126.89510399196297,185.42822265625,success
10000,,,running
10000,269.2885048687458,185.42822265625,success
50000,,,running
50000,943.7299711834639,185.42822265625,success
100000,,,running
100000,1634.7393731335178,185.42822265625,success
500000,,,running
500000,11091.767020575702,,error
