cells,execution_time_sec,peak_memory_mb,status
1000,,,running
1000,82.51428454369307,1021.48681640625,success
5000,,,running
5000,430.78804586827755,1069.62890625,success
10000,,,running
10000,2316.24616856128,1106.47509765625,success
50000,,,running
50000,3158.421250268817,,error
100000,,,running
100000,7005.111479781568,,error
500000,,,running
