cells,execution_time_sec,peak_memory_mb,status
1000,,,running
1000,86.64733488857746,1384.0234375,success
5000,,,running
5000,322.4809584990144,1445.16845703125,success
10000,,,running
10000,495.2756742686033,1445.38525390625,success
50000,,,running
50000,2062.8846729695797,1447.21484375,success
100000,,,running
100000,1232.8136024475098,,error
500000,,,running
500000,2887.8577411323786,,error
