cells,execution_time_sec,peak_memory_mb,status
1000,,,running
1000,55.93469011,128.6137695,success
5000,,,running
5000,283.6700184,146.1191406,success
10000,,,running
10000,566.8960227,146.1191406,success
50000,,,running
50000,636.582699,261.9145508,success
100000,,,running
100000,673.683276,502.0078125,success
500000,,,running
500000,666.1972765,2418.643066,success
1000000,,,running
1000000,740.5652142,4813.611328,success
