cells,execution_time_sec,peak_memory_mb,status
1000,,,running
1000,76.49572038371116,92.572265625,success
5000,,,running
5000,585.9677621126175,240.68701171875,success
10000,,,running
10000,934.5471224780194,421.6494140625,success
50000,,,running
50000,5014.197075319942,984.3134765625,success
100000,,,running
100000,12216.31866147602,997.8505859375,success
500000,,,running
500000,67897.9565108358,,error
