cells,execution_time_sec,peak_memory_mb,status
1000,,,running
1000,384.59185094805434,265.7880859375,success
5000,,,running
5000,578.5841536489315,1324.96728515625,success
10000,,,running
10000,1036.082904453855,2661.845703125,success
50000,,,running
50000,4403.738077260088,13589.65283203125,success
100000,,,running
100000,8918.463310720865,27346.86962890625,success
500000,,,running
500000,154.99303368711844,,error
