genes,execution_time_sec,peak_memory_mb,status
2000,,,running
2000,716.8610064,5515.081543,success
5000,,,running
5000,726.6149064,5515.081543,success
10000,,,running
10000,741.34368,5515.081543,success
15000,,,running
15000,749.5490421,5515.081543,success
20000,,,running
20000,769.567403,5515.081543,success
1000,545.6074064,2756.295898,success
