genes,execution_time_sec,peak_memory_mb,status
2000,,,running
2000,653.8885392,2870.594727,success
5000,,,running
5000,1783.647441,7051.348145,success
10000,,,running
10000,2737.501562,,error
1000,495.2756743,1445.385254,success
