Method,0,1,2,3,4
velovi,0.68292713,0.68460286,0.70791346,0.70706195,0.7039758
