Method,0,1,2,3
svelvetvae,0.32337555,0.29401487,0.012560733,0.4322895
