Method,0,1,2,3,4
sdevelo,0.69340116,0.6659323,0.48204163,0.41765898,0.32123557
