Method,0,1,2,3,4
deepvelo,0.2866528,-0.1498705,0.06742051,0.2304734,0.019850936
