Method,0,1,2,3
velocyto,0.13650969,0.21144989,0.05786272,-0.0032333657
