Method,0,1,2,3,4
unitvelo_uni,0.7039545917744904,0.6928701367489647,0.7007376672252897,0.6887577410575676,0.6855799290155882
