Method,0,1,2,3
svelvetvae,0.6592116363147259,0.4757010095896017,0.6311299851395614,0.7349708956986306
