Method,0,1,2,3,4
sdevelo,0.5211778671952362,0.5338799121781551,0.5601754035913732,0.5415369909052293,0.5649206966447476
