Method,0,1,2,3,4
sctour_zinb,0.6970796229141505,0.6868670625333264,0.6923100027425063,0.6907160757258984,0.6921347633635632
