Method,0,1,2,3
svelvetvae,0.6564769402352527,0.5899192339344793,0.6028717879307287,0.747819939773513
