Method,0,1,2,3,4
unitvelo_uni,0.9563366902460011,0.9565679158867907,0.9504193305575053,0.9301342196877137,0.8798949049875727
