Method,0,1,2,3
dynamo_m1,0.8307030051440185,0.8374731788199694,0.8315164577332192,0.8302588233692159
