Method,0,1,2,3,4
sdevelo,0.9039162626815083,0.885541723352745,0.7873393480218596,0.7721741114011879,0.748613330592822
