Method,0,1,2,3
velocyto,0.5364987494899298,0.5940137034913657,0.573003450228185,0.5451239690932701
