Method,0,1,2,3,4
velovi,0.8459880245566344,0.8348544870671414,0.8508677623980623,0.8288546573538104,0.8376844155484262
