Method,0,1,2,3,4
sdevelo,0.727134232707141,0.820984735661738,0.8196874938446105,0.8221848800461984,0.8230749912796885
