Method,0,1,2,3,4
sctour_zinb,0.68286175,0.6541795,0.6519422,0.6410269,0.65312123
