Method,0,1,2,3,4
unitvelo_uni,0.681698,0.6955594,0.71727896,0.6867684,-0.045976803
