Method,0,1,2,3
dynamo_m1,-0.59906006,-0.5971315,-0.59472704,-0.59711677
