Method,0,1,2,3
pyrovelocity_m2,0.64312506,0.66640633,0.6833528,0.6778312
