Method,0,1,2,3
dynamo_m1,0.35535735263645574,0.46388993096579784,0.49641710769347663,0.4910508602540002
