Method,0,1,2,3,4
velovi,0.725458170120203,0.7272308296469344,0.7187233814366335,0.7088437798971242,0.70155065433253
