Method,0,1,2,3
velocyto,0.6316745541428702,0.6173911308084846,0.600376541641179,0.3987515927488538
