Method,0,1,2,3
pyrovelocity_m2,0.694334708038967,0.6773081754154792,0.6900461134544434,0.6945270770219074
