Method,0,1,2,3,4
deepvelo,0.5403150359475756,0.5403150359475756,0.5403150359475756,0.5403150359475756,0.5403150359475756
