Method,0,1,2,3,4
velovi,0.9147193176685635,0.9213463517455469,0.9441537641622713,0.9421789717442582,0.9492580647949831
