Method,0,1,2,3,4
sctour_zinb,0.9077752032362956,0.8924636991761039,0.8877061693865853,0.8654520093130526,0.8847908361976092
