Method,0,1,2,3
pyrovelocity_m2,0.9050103625449843,0.9001623020677474,0.8933970943864209,0.8661091595064094
