Method,0,1,2,3,4
deepvelo,0.7389841001058983,0.6515190165798337,0.698973270036074,0.7196023709781209,0.6874414629119814
