Method,0,1,2,3
dynamo_m1,-0.7588805815688949,-0.5408802306423252,-0.43663158905119387,-0.4485054818062629
