Method,0,1,2,3
pyrovelocity_m2,0.7991119737988054,0.7980474311294115,0.7974552636193253,0.7974372539414204
