Method,0,1,2,3
svelvetvae,0.7919927643346998,0.0997817198769026,0.774056251873826,0.8049750247609672
