Method,0,1,2,3,4
unitvelo_uni,0.8508132572093845,0.8373905744397202,0.814248672952879,0.8021301393634553,0.8052898132867746
