Method,0,1,2,3,4
sctour_zinb,0.7959882757216048,0.7967996252119665,0.7965931095777455,0.7924133666413931,0.7968038536066948
