Method,0,1,2,3
velocyto,0.7060033880028499,0.6758034918560609,0.5918241307589139,-0.7425671306197585
