Method,0,1,2,3,4
deepvelo,0.0956293655513218,0.0956293655513218,0.0956293655513218,0.0956293655513218,0.0956293655513218
